Workbook
Name TipSecenekleri: Sabitler!$G$2:$G$5
Name rDSecenekleri: Sabitler!$H$2:$H$5

Sheet Ayarlar
A1: Parametre | B1: Deger
A2: Hava Sicakligi (C) | B2: 20
A3: Rakim (m) | B3: 0
A5: Not | B5: Kanal Listesi sayfasinda Tip alanina yalnizca Dirsek veya Kanal yazin.

Sheet Kanal Listesi
A1: Tip | B1: Aci | C1: r/D | D1: Boru Capi (mm) | E1: Debi (m3/h) | F1: Dirsek Adedi | G1: Duz Kanal Uzunlugu (m) | H1: Hava Yogunlugu (kg/m3) | I1: Kesit Alani (m2) | J1: Tasima Hizi (m/sn) | K1: Dirsek Birim Kaybi (Pa) | L1: Duz Kanal Birim Kaybi (Pa/m) | M1: Jet-Cap Basinc Kaybi (Pa) | N1: Ekipman Tipi | O1: Ekipman Basinc Kaybi (Pa) | P1: Toplam Basinc Kaybi (Pa)
A2: Dirsek | B2: 90 | C2: 1,5 | D2: 250 | E2: 4500 | F2: 3 | G2: 0 | H2: =(101325*EXP(-Ayarlar!$B$3/8434))/((Ayarlar!$B$2+273.15)*287.05) | I2: =IF(D2>0,PI()*((D2/1000)^2)/4,0) | J2: =IF(AND(I2>0,E2>0),E2/I2/3600,0) | K2: =IF(UPPER(A2)="DIRSEK",(H2*J2*J2/2)*IFERROR(INDEX(Sabitler!$B$2:$E$11,MATCH(B2,Sabitler!$A$2:$A$11,0),MATCH(C2,Sabitler!$B$1:$E$1,0)),0),0) | L2: =IF(UPPER(A2)="KANAL",IF(AND(D2>0,J2>0),(((1000*((0.85*(0.11*(((0.03/D2)+(68/(66.4*D2*J2)))^0.25)))+0.0028))/D2)*(H2*J2*J2/2)*1.15)*1.18,0),0) | M2: =IF(UPPER(A2)="JET-CAP",2.0*(1.2*J2*J2/2),0) | P2: =IF(UPPER(A2)="DIRSEK",K2*MAX(F2,1),IF(UPPER(A2)="KANAL",L2*MAX(G2,0),IF(UPPER(A2)="JET-CAP",M2,IF(UPPER(A2)="EKIPMAN",O2,0))))
A3: Kanal | B3: 90 | C3: 1,5 | D3: 250 | E3: 4500 | F3: 0 | G3: 12 | H3: =(101325*EXP(-Ayarlar!$B$3/8434))/((Ayarlar!$B$2+273.15)*287.05) | I3: =IF(D3>0,PI()*((D3/1000)^2)/4,0) | J3: =IF(AND(I3>0,E3>0),E3/I3/3600,0) | K3: =IF(UPPER(A3)="DIRSEK",(H3*J3*J3/2)*IFERROR(INDEX(Sabitler!$B$2:$E$11,MATCH(B3,Sabitler!$A$2:$A$11,0),MATCH(C3,Sabitler!$B$1:$E$1,0)),0),0) | L3: =IF(UPPER(A3)="KANAL",IF(AND(D3>0,J3>0),(((1000*((0.85*(0.11*(((0.03/D3)+(68/(66.4*D3*J3)))^0.25)))+0.0028))/D3)*(H3*J3*J3/2)*1.15)*1.18,0),0) | M3: =IF(UPPER(A3)="JET-CAP",2.0*(1.2*J3*J3/2),0) | P3: =IF(UPPER(A3)="DIRSEK",K3*MAX(F3,1),IF(UPPER(A3)="KANAL",L3*MAX(G3,0),IF(UPPER(A3)="JET-CAP",M3,IF(UPPER(A3)="EKIPMAN",O3,0))))
A4: Jet-Cap | B4: 90 | C4: 1,5 | D4: 250 | E4: 4500 | F4: 0 | G4: 0 | H4: =(101325*EXP(-Ayarlar!$B$3/8434))/((Ayarlar!$B$2+273.15)*287.05) | I4: =IF(D4>0,PI()*((D4/1000)^2)/4,0) | J4: =IF(AND(I4>0,E4>0),E4/I4/3600,0) | K4: =IF(UPPER(A4)="DIRSEK",(H4*J4*J4/2)*IFERROR(INDEX(Sabitler!$B$2:$E$11,MATCH(B4,Sabitler!$A$2:$A$11,0),MATCH(C4,Sabitler!$B$1:$E$1,0)),0),0) | L4: =IF(UPPER(A4)="KANAL",IF(AND(D4>0,J4>0),(((1000*((0.85*(0.11*(((0.03/D4)+(68/(66.4*D4*J4)))^0.25)))+0.0028))/D4)*(H4*J4*J4/2)*1.15)*1.18,0),0) | M4: =IF(UPPER(A4)="JET-CAP",2.0*(1.2*J4*J4/2),0) | P4: =IF(UPPER(A4)="DIRSEK",K4*MAX(F4,1),IF(UPPER(A4)="KANAL",L4*MAX(G4,0),IF(UPPER(A4)="JET-CAP",M4,IF(UPPER(A4)="EKIPMAN",O4,0))))
A5: Ekipman | H5: =(101325*EXP(-Ayarlar!$B$3/8434))/((Ayarlar!$B$2+273.15)*287.05) | I5: =IF(D5>0,PI()*((D5/1000)^2)/4,0) | J5: =IF(AND(I5>0,E5>0),E5/I5/3600,0) | K5: =IF(UPPER(A5)="DIRSEK",(H5*J5*J5/2)*IFERROR(INDEX(Sabitler!$B$2:$E$11,MATCH(B5,Sabitler!$A$2:$A$11,0),MATCH(C5,Sabitler!$B$1:$E$1,0)),0),0) | L5: =IF(UPPER(A5)="KANAL",IF(AND(D5>0,J5>0),(((1000*((0.85*(0.11*(((0.03/D5)+(68/(66.4*D5*J5)))^0.25)))+0.0028))/D5)*(H5*J5*J5/2)*1.15)*1.18,0),0) | M5: =IF(UPPER(A5)="JET-CAP",2.0*(1.2*J5*J5/2),0) | N5: Filtre | O5: 250 | P5: =IF(UPPER(A5)="DIRSEK",K5*MAX(F5,1),IF(UPPER(A5)="KANAL",L5*MAX(G5,0),IF(UPPER(A5)="JET-CAP",M5,IF(UPPER(A5)="EKIPMAN",O5,0))))
H6: =(101325*EXP(-Ayarlar!$B$3/8434))/((Ayarlar!$B$2+273.15)*287.05) | I6: =IF(D6>0,PI()*((D6/1000)^2)/4,0) | J6: =IF(AND(I6>0,E6>0),E6/I6/3600,0) | K6: =IF(UPPER(A6)="DIRSEK",(H6*J6*J6/2)*IFERROR(INDEX(Sabitler!$B$2:$E$11,MATCH(B6,Sabitler!$A$2:$A$11,0),MATCH(C6,Sabitler!$B$1:$E$1,0)),0),0) | L6: =IF(UPPER(A6)="KANAL",IF(AND(D6>0,J6>0),(((1000*((0.85*(0.11*(((0.03/D6)+(68/(66.4*D6*J6)))^0.25)))+0.0028))/D6)*(H6*J6*J6/2)*1.15)*1.18,0),0) | M6: =IF(UPPER(A6)="JET-CAP",2.0*(1.2*J6*J6/2),0) | P6: =IF(UPPER(A6)="DIRSEK",K6*MAX(F6,1),IF(UPPER(A6)="KANAL",L6*MAX(G6,0),IF(UPPER(A6)="JET-CAP",M6,IF(UPPER(A6)="EKIPMAN",O6,0))))
H7: =(101325*EXP(-Ayarlar!$B$3/8434))/((Ayarlar!$B$2+273.15)*287.05) | I7: =IF(D7>0,PI()*((D7/1000)^2)/4,0) | J7: =IF(AND(I7>0,E7>0),E7/I7/3600,0) | K7: =IF(UPPER(A7)="DIRSEK",(H7*J7*J7/2)*IFERROR(INDEX(Sabitler!$B$2:$E$11,MATCH(B7,Sabitler!$A$2:$A$11,0),MATCH(C7,Sabitler!$B$1:$E$1,0)),0),0) | L7: =IF(UPPER(A7)="KANAL",IF(AND(D7>0,J7>0),(((1000*((0.85*(0.11*(((0.03/D7)+(68/(66.4*D7*J7)))^0.25)))+0.0028))/D7)*(H7*J7*J7/2)*1.15)*1.18,0),0) | M7: =IF(UPPER(A7)="JET-CAP",2.0*(1.2*J7*J7/2),0) | P7: =IF(UPPER(A7)="DIRSEK",K7*MAX(F7,1),IF(UPPER(A7)="KANAL",L7*MAX(G7,0),IF(UPPER(A7)="JET-CAP",M7,IF(UPPER(A7)="EKIPMAN",O7,0))))
H8: =(101325*EXP(-Ayarlar!$B$3/8434))/((Ayarlar!$B$2+273.15)*287.05) | I8: =IF(D8>0,PI()*((D8/1000)^2)/4,0) | J8: =IF(AND(I8>0,E8>0),E8/I8/3600,0) | K8: =IF(UPPER(A8)="DIRSEK",(H8*J8*J8/2)*IFERROR(INDEX(Sabitler!$B$2:$E$11,MATCH(B8,Sabitler!$A$2:$A$11,0),MATCH(C8,Sabitler!$B$1:$E$1,0)),0),0) | L8: =IF(UPPER(A8)="KANAL",IF(AND(D8>0,J8>0),(((1000*((0.85*(0.11*(((0.03/D8)+(68/(66.4*D8*J8)))^0.25)))+0.0028))/D8)*(H8*J8*J8/2)*1.15)*1.18,0),0) | M8: =IF(UPPER(A8)="JET-CAP",2.0*(1.2*J8*J8/2),0) | P8: =IF(UPPER(A8)="DIRSEK",K8*MAX(F8,1),IF(UPPER(A8)="KANAL",L8*MAX(G8,0),IF(UPPER(A8)="JET-CAP",M8,IF(UPPER(A8)="EKIPMAN",O8,0))))
H9: =(101325*EXP(-Ayarlar!$B$3/8434))/((Ayarlar!$B$2+273.15)*287.05) | I9: =IF(D9>0,PI()*((D9/1000)^2)/4,0) | J9: =IF(AND(I9>0,E9>0),E9/I9/3600,0) | K9: =IF(UPPER(A9)="DIRSEK",(H9*J9*J9/2)*IFERROR(INDEX(Sabitler!$B$2:$E$11,MATCH(B9,Sabitler!$A$2:$A$11,0),MATCH(C9,Sabitler!$B$1:$E$1,0)),0),0) | L9: =IF(UPPER(A9)="KANAL",IF(AND(D9>0,J9>0),(((1000*((0.85*(0.11*(((0.03/D9)+(68/(66.4*D9*J9)))^0.25)))+0.0028))/D9)*(H9*J9*J9/2)*1.15)*1.18,0),0) | M9: =IF(UPPER(A9)="JET-CAP",2.0*(1.2*J9*J9/2),0) | P9: =IF(UPPER(A9)="DIRSEK",K9*MAX(F9,1),IF(UPPER(A9)="KANAL",L9*MAX(G9,0),IF(UPPER(A9)="JET-CAP",M9,IF(UPPER(A9)="EKIPMAN",O9,0))))
H10: =(101325*EXP(-Ayarlar!$B$3/8434))/((Ayarlar!$B$2+273.15)*287.05) | I10: =IF(D10>0,PI()*((D10/1000)^2)/4,0) | J10: =IF(AND(I10>0,E10>0),E10/I10/3600,0) | K10: =IF(UPPER(A10)="DIRSEK",(H10*J10*J10/2)*IFERROR(INDEX(Sabitler!$B$2:$E$11,MATCH(B10,Sabitler!$A$2:$A$11,0),MATCH(C10,Sabitler!$B$1:$E$1,0)),0),0) | L10: =IF(UPPER(A10)="KANAL",IF(AND(D10>0,J10>0),(((1000*((0.85*(0.11*(((0.03/D10)+(68/(66.4*D10*J10)))^0.25)))+0.0028))/D10)*(H10*J10*J10/2)*1.15)*1.18,0),0) | M10: =IF(UPPER(A10)="JET-CAP",2.0*(1.2*J10*J10/2),0) | P10: =IF(UPPER(A10)="DIRSEK",K10*MAX(F10,1),IF(UPPER(A10)="KANAL",L10*MAX(G10,0),IF(UPPER(A10)="JET-CAP",M10,IF(UPPER(A10)="EKIPMAN",O10,0))))
H11: =(101325*EXP(-Ayarlar!$B$3/8434))/((Ayarlar!$B$2+273.15)*287.05) | I11: =IF(D11>0,PI()*((D11/1000)^2)/4,0) | J11: =IF(AND(I11>0,E11>0),E11/I11/3600,0) | K11: =IF(UPPER(A11)="DIRSEK",(H11*J11*J11/2)*IFERROR(INDEX(Sabitler!$B$2:$E$11,MATCH(B11,Sabitler!$A$2:$A$11,0),MATCH(C11,Sabitler!$B$1:$E$1,0)),0),0) | L11: =IF(UPPER(A11)="KANAL",IF(AND(D11>0,J11>0),(((1000*((0.85*(0.11*(((0.03/D11)+(68/(66.4*D11*J11)))^0.25)))+0.0028))/D11)*(H11*J11*J11/2)*1.15)*1.18,0),0) | M11: =IF(UPPER(A11)="JET-CAP",2.0*(1.2*J11*J11/2),0) | P11: =IF(UPPER(A11)="DIRSEK",K11*MAX(F11,1),IF(UPPER(A11)="KANAL",L11*MAX(G11,0),IF(UPPER(A11)="JET-CAP",M11,IF(UPPER(A11)="EKIPMAN",O11,0))))
H12: =(101325*EXP(-Ayarlar!$B$3/8434))/((Ayarlar!$B$2+273.15)*287.05) | I12: =IF(D12>0,PI()*((D12/1000)^2)/4,0) | J12: =IF(AND(I12>0,E12>0),E12/I12/3600,0) | K12: =IF(UPPER(A12)="DIRSEK",(H12*J12*J12/2)*IFERROR(INDEX(Sabitler!$B$2:$E$11,MATCH(B12,Sabitler!$A$2:$A$11,0),MATCH(C12,Sabitler!$B$1:$E$1,0)),0),0) | L12: =IF(UPPER(A12)="KANAL",IF(AND(D12>0,J12>0),(((1000*((0.85*(0.11*(((0.03/D12)+(68/(66.4*D12*J12)))^0.25)))+0.0028))/D12)*(H12*J12*J12/2)*1.15)*1.18,0),0) | M12: =IF(UPPER(A12)="JET-CAP",2.0*(1.2*J12*J12/2),0) | P12: =IF(UPPER(A12)="DIRSEK",K12*MAX(F12,1),IF(UPPER(A12)="KANAL",L12*MAX(G12,0),IF(UPPER(A12)="JET-CAP",M12,IF(UPPER(A12)="EKIPMAN",O12,0))))
H13: =(101325*EXP(-Ayarlar!$B$3/8434))/((Ayarlar!$B$2+273.15)*287.05) | I13: =IF(D13>0,PI()*((D13/1000)^2)/4,0) | J13: =IF(AND(I13>0,E13>0),E13/I13/3600,0) | K13: =IF(UPPER(A13)="DIRSEK",(H13*J13*J13/2)*IFERROR(INDEX(Sabitler!$B$2:$E$11,MATCH(B13,Sabitler!$A$2:$A$11,0),MATCH(C13,Sabitler!$B$1:$E$1,0)),0),0) | L13: =IF(UPPER(A13)="KANAL",IF(AND(D13>0,J13>0),(((1000*((0.85*(0.11*(((0.03/D13)+(68/(66.4*D13*J13)))^0.25)))+0.0028))/D13)*(H13*J13*J13/2)*1.15)*1.18,0),0) | M13: =IF(UPPER(A13)="JET-CAP",2.0*(1.2*J13*J13/2),0) | P13: =IF(UPPER(A13)="DIRSEK",K13*MAX(F13,1),IF(UPPER(A13)="KANAL",L13*MAX(G13,0),IF(UPPER(A13)="JET-CAP",M13,IF(UPPER(A13)="EKIPMAN",O13,0))))
H14: =(101325*EXP(-Ayarlar!$B$3/8434))/((Ayarlar!$B$2+273.15)*287.05) | I14: =IF(D14>0,PI()*((D14/1000)^2)/4,0) | J14: =IF(AND(I14>0,E14>0),E14/I14/3600,0) | K14: =IF(UPPER(A14)="DIRSEK",(H14*J14*J14/2)*IFERROR(INDEX(Sabitler!$B$2:$E$11,MATCH(B14,Sabitler!$A$2:$A$11,0),MATCH(C14,Sabitler!$B$1:$E$1,0)),0),0) | L14: =IF(UPPER(A14)="KANAL",IF(AND(D14>0,J14>0),(((1000*((0.85*(0.11*(((0.03/D14)+(68/(66.4*D14*J14)))^0.25)))+0.0028))/D14)*(H14*J14*J14/2)*1.15)*1.18,0),0) | M14: =IF(UPPER(A14)="JET-CAP",2.0*(1.2*J14*J14/2),0) | P14: =IF(UPPER(A14)="DIRSEK",K14*MAX(F14,1),IF(UPPER(A14)="KANAL",L14*MAX(G14,0),IF(UPPER(A14)="JET-CAP",M14,IF(UPPER(A14)="EKIPMAN",O14,0))))
H15: =(101325*EXP(-Ayarlar!$B$3/8434))/((Ayarlar!$B$2+273.15)*287.05) | I15: =IF(D15>0,PI()*((D15/1000)^2)/4,0) | J15: =IF(AND(I15>0,E15>0),E15/I15/3600,0) | K15: =IF(UPPER(A15)="DIRSEK",(H15*J15*J15/2)*IFERROR(INDEX(Sabitler!$B$2:$E$11,MATCH(B15,Sabitler!$A$2:$A$11,0),MATCH(C15,Sabitler!$B$1:$E$1,0)),0),0) | L15: =IF(UPPER(A15)="KANAL",IF(AND(D15>0,J15>0),(((1000*((0.85*(0.11*(((0.03/D15)+(68/(66.4*D15*J15)))^0.25)))+0.0028))/D15)*(H15*J15*J15/2)*1.15)*1.18,0),0) | M15: =IF(UPPER(A15)="JET-CAP",2.0*(1.2*J15*J15/2),0) | P15: =IF(UPPER(A15)="DIRSEK",K15*MAX(F15,1),IF(UPPER(A15)="KANAL",L15*MAX(G15,0),IF(UPPER(A15)="JET-CAP",M15,IF(UPPER(A15)="EKIPMAN",O15,0))))
H16: =(101325*EXP(-Ayarlar!$B$3/8434))/((Ayarlar!$B$2+273.15)*287.05) | I16: =IF(D16>0,PI()*((D16/1000)^2)/4,0) | J16: =IF(AND(I16>0,E16>0),E16/I16/3600,0) | K16: =IF(UPPER(A16)="DIRSEK",(H16*J16*J16/2)*IFERROR(INDEX(Sabitler!$B$2:$E$11,MATCH(B16,Sabitler!$A$2:$A$11,0),MATCH(C16,Sabitler!$B$1:$E$1,0)),0),0) | L16: =IF(UPPER(A16)="KANAL",IF(AND(D16>0,J16>0),(((1000*((0.85*(0.11*(((0.03/D16)+(68/(66.4*D16*J16)))^0.25)))+0.0028))/D16)*(H16*J16*J16/2)*1.15)*1.18,0),0) | M16: =IF(UPPER(A16)="JET-CAP",2.0*(1.2*J16*J16/2),0) | P16: =IF(UPPER(A16)="DIRSEK",K16*MAX(F16,1),IF(UPPER(A16)="KANAL",L16*MAX(G16,0),IF(UPPER(A16)="JET-CAP",M16,IF(UPPER(A16)="EKIPMAN",O16,0))))
H17: =(101325*EXP(-Ayarlar!$B$3/8434))/((Ayarlar!$B$2+273.15)*287.05) | I17: =IF(D17>0,PI()*((D17/1000)^2)/4,0) | J17: =IF(AND(I17>0,E17>0),E17/I17/3600,0) | K17: =IF(UPPER(A17)="DIRSEK",(H17*J17*J17/2)*IFERROR(INDEX(Sabitler!$B$2:$E$11,MATCH(B17,Sabitler!$A$2:$A$11,0),MATCH(C17,Sabitler!$B$1:$E$1,0)),0),0) | L17: =IF(UPPER(A17)="KANAL",IF(AND(D17>0,J17>0),(((1000*((0.85*(0.11*(((0.03/D17)+(68/(66.4*D17*J17)))^0.25)))+0.0028))/D17)*(H17*J17*J17/2)*1.15)*1.18,0),0) | M17: =IF(UPPER(A17)="JET-CAP",2.0*(1.2*J17*J17/2),0) | P17: =IF(UPPER(A17)="DIRSEK",K17*MAX(F17,1),IF(UPPER(A17)="KANAL",L17*MAX(G17,0),IF(UPPER(A17)="JET-CAP",M17,IF(UPPER(A17)="EKIPMAN",O17,0))))
... H201: =(101325*EXP(-Ayarlar!$B$3/8434))/((Ayarlar!$B$2+273.15)*287.05) | I201: =IF(D201>0,PI()*((D201/1000)^2)/4,0) | J201: =IF(AND(I201>0,E201>0),E201/I201/3600,0) | K201: =IF(UPPER(A201)="DIRSEK",(H201*J201*J201/2)*IFERROR(INDEX(Sabitler!$B$2:$E$11,MATCH(B201,Sabitler!$A$2:$A$11,0),MATCH(C201,Sabitler!$B$1:$E$1,0)),0),0) | L201: =IF(UPPER(A201)="KANAL",IF(AND(D201>0,J201>0),(((1000*((0.85*(0.11*(((0.03/D201)+(68/(66.4*D201*J201)))^0.25)))+0.0028))/D201)*(H201*J201*J201/2)*1.15)*1.18,0),0) | M201: =IF(UPPER(A201)="JET-CAP",2.0*(1.2*J201*J201/2),0) | P201: =IF(UPPER(A201)="DIRSEK",K201*MAX(F201,1),IF(UPPER(A201)="KANAL",L201*MAX(G201,0),IF(UPPER(A201)="JET-CAP",M201,IF(UPPER(A201)="EKIPMAN",O201,0))))
O203: Toplam Basinc Kaybi | P203: =SUM(P2:P201)

Sheet Sabitler
A1: Aci | B1: 0.75 | C1: 1 | D1: 1.5 | E1: 2 | G1: Tip Secenekleri | H1: rD Secenekleri
A2: 20 | B2: 0.1674 | C2: 0.1302 | D2: 0.1054 | E2: 0.1023 | G2: Kanal | H2: 0,75
A3: 30 | B3: 0.243 | C3: 0.189 | D3: 0.153 | E3: 0.1485 | G3: Dirsek | H3: 1
A4: 45 | B4: 0.324 | C4: 0.252 | D4: 0.204 | E4: 0.198 | G4: Jet-Cap | H4: 1,5
A5: 60 | B5: 0.4212 | C5: 0.3276 | D5: 0.2652 | E5: 0.2574 | G5: Ekipman | H5: 2
A6: 75 | B6: 0.486 | C6: 0.378 | D6: 0.306 | E6: 0.297
A7: 90 | B7: 0.54 | C7: 0.42 | D7: 0.34 | E7: 0.33
A8: 110 | B8: 0.6102 | C8: 0.4746 | D8: 0.3842 | E8: 0.3729
A9: 130 | B9: 0.648 | C9: 0.504 | D9: 0.408 | E9: 0.396
A10: 150 | B10: 0.6912 | C10: 0.5376 | D10: 0.4352 | E10: 0.4224
A11: 180 | B11: 0.756 | C11: 0.588 | D11: 0.476 | E11: 0.462
